userID,email,password,role,first_name,last_name
1,larry.david@example.com,(F2WO5iwT4,faculty,Larry,David
2,cheryl.david@example.com,zd3kqCJB!5,student,Cheryl,David
3,jeff.greene@example.com,2k3RXzYK^%,student,Jeff,Greene
4,susie.greene@example.com,%57XxeudlG,staff,Susie,Greene
5,leon.black@example.com,0nc7IQzr%c,student,Leon,Black
6,marty.funkhouser@example.com,d1Jh8+5g^H,faculty,Marty,Funkhouser
7,richard.lewis@example.com,C91GMzS(!J,external_worker,Richard,Lewis
8,ted.danson@example.com,+EaOFhex6Z,staff,Ted,Danson
9,wanda.sykes@example.com,@*5Q9L3x1k,staff,Wanda,Sykes
10,jerry.seinfeld@example.com,cn+9ReScSo,staff,Jerry,Seinfeld
11,george.costanza@example.com,_6WOUqxtqP,external_worker,George,Costanza
12,elaine.benes@example.com,Z3XC$@Mm&n,student,Elaine,Benes
13,cosmo.kramer@example.com,vW&)a1Wo69,student,Cosmo,Kramer
14,newman.@example.com,%leS2ALc^2,staff,Newman,
15,morty.seinfeld@example.com,W6LHQ_hm@5,staff,Morty,Seinfeld
16,helen.seinfeld@example.com,*^94SzBYh),faculty,Helen,Seinfeld
17,frank.costanza@example.com,0P(#9C%v&9,faculty,Frank,Costanza
18,estelle.costanza@example.com,sZKObDCH(4,external_worker,Estelle,Costanza
19,wesley.rasmussen@example.com,!ht&mrZ3M3,faculty,Wesley,Rasmussen
20,vincent.knapp@example.com,y(fz%Gnb^6,staff,Vincent,Knapp
21,rachel.jacobs@example.com,t!(E6HUrD7,student,Rachel,Jacobs
22,andrew.charles@example.com,)oV*l!CiC7,student,Andrew,Charles
23,kelly.johnson@example.com,$4ORjUlPR5,staff,Kelly,Johnson
24,eric.davidson@example.com,a_H7oIVrd_,student,Eric,Davidson
25,patricia.norton@example.com,nY3EGzWo#&,staff,Patricia,Norton
26,jason.reynolds@example.com,q(h(6EabVe,faculty,Jason,Reynolds
27,daisy.anderson@example.com,m+z3CKJhc(,faculty,Daisy,Anderson
28,kevin.owens@example.com,3(5H$pQZIp,faculty,Kevin,Owens
29,tammy.vaughn@example.com,8NP_Sn)Q##,staff,Tammy,Vaughn
30,andrea.lewis@example.com,^$7TO+*fre,external_worker,Andrea,Lewis
31,mitchell.williams@example.com,^66UJsArkT,faculty,Mitchell,Williams
32,john.long@example.com,i+oA6KqN^K,faculty,John,Long
33,kathryn.reyes@example.com,WkU6RUij*9,staff,Kathryn,Reyes
34,ryan.hutchinson@example.com,kl&4JOw7cu,student,Ryan,Hutchinson
35,bryan.howell@example.com,xkLdh^2Q&7,faculty,Bryan,Howell
36,danny.swanson@example.com,^#iP3^Pzm0,student,Danny,Swanson
37,ryan.rubio@example.com,3u%5Tze+MO,student,Ryan,Rubio
38,brian.ellis@example.com,+9zAiNuOt@,staff,Brian,Ellis
39,sabrina.perez@example.com,l@F4(Ab7pG,student,Sabrina,Perez
40,phyllis.williams@example.com,(9OZCv(Qs7,student,Phyllis,Williams
41,rachel.hoffman@example.com,aKW0M*uO&3,student,Rachel,Hoffman
42,douglas.brooks@example.com,%sOg19cEh5,external_worker,Douglas,Brooks
43,deborah.mccall@example.com,Z_TB%7Pz%K,student,Deborah,Mccall
44,kylie.nguyen@example.com,R04Ol13C$+,staff,Kylie,Nguyen
45,john.sanders@example.com,S@CtdcpB&2,student,John,Sanders
46,angela.cortez@example.com,7^+97BkBk7,staff,Angela,Cortez
47,timothy.brown@example.com,X45W9mQd$s,faculty,Timothy,Brown
48,nicole.williams@example.com,o3#%3OPeE),student,Nicole,Williams
49,jennifer.carroll@example.com,p1vZ5Sgx&j,faculty,Jennifer,Carroll
50,raymond.moore@example.com,_4D5KZbrca,faculty,Raymond,Moore
51,adam.ayers@example.com,!X9OvOMlV#,faculty,Adam,Ayers
52,michael.nichols@example.com,^yLDPrG4N7,staff,Michael,Nichols
53,larry.paul@example.com,5rHWcReF#%,staff,Larry,Paul
54,rebecca.coleman@example.com,0N+ZB3EaDT,student,Rebecca,Coleman
55,allison.gomez@example.com,N)3)5*)vHW,external_worker,Allison,Gomez
56,donald.garcia@example.com,!hJ4F_DtS_,faculty,Donald,Garcia
57,yolanda.wilson@example.com,EN51Mihl8(,student,Yolanda,Wilson
58,miranda.brown@example.com,t8BcRvO#$p,student,Miranda,Brown
59,ricky.wise@example.com,*4DcYmhcZU,external_worker,Ricky,Wise
60,jeremy.espinoza@example.com,(bOFY@zr&8,staff,Jeremy,Espinoza
61,nicholas.peck@example.com,#_8Rnm7&SU,student,Nicholas,Peck
62,frank.marks@example.com,O$9BZMvaY_,faculty,Frank,Marks
63,jacob.anderson@example.com,+5k7YY)JSc,faculty,Jacob,Anderson
64,deborah.keller@example.com,(GD9QddnJ7,faculty,Deborah,Keller
65,christine.patel@example.com,@Yn4qtz@B3,faculty,Christine,Patel
66,tracy.sanford@example.com,7c&4wW#dYH,faculty,Tracy,Sanford
67,alicia.wise@example.com,+GLn_G7bt5,external_worker,Alicia,Wise
68,jennifer.walters@example.com,%9Slndrg%r,student,Jennifer,Walters
69,jamie.fleming@example.com,F%6UAxexR@,staff,Jamie,Fleming
70,leah.anderson@example.com,tcGdN)nj@3,staff,Leah,Anderson
71,justin.petty@example.com,3)&4nzBiB^,staff,Justin,Petty
72,joshua.contreras@example.com,Es^3D&ejm!,staff,Joshua,Contreras
73,susan.graham@example.com,s_nt%Aav@9,staff,Susan,Graham
74,denise.ritter@example.com,e4TIFziw*9,student,Denise,Ritter
75,gina.gomez@example.com,L9+C$Qwd$f,faculty,Gina,Gomez
76,thomas.winters@example.com,4)sZEzaB!T,external_worker,Thomas,Winters
77,jason.freeman@example.com,_W2&6GcZCT,faculty,Jason,Freeman
78,paul.graham@example.com,3eDm@8UjwM,staff,Paul,Graham
79,timothy.ayers@example.com,36Hg+Lzj+4,staff,Timothy,Ayers
80,joshua.williams@example.com,u5&WIiqN)*,external_worker,Joshua,Williams
81,troy.jones@example.com,N2iAOtuc^Q,external_worker,Troy,Jones
82,jessica.whitehead@example.com,@G9Xk@l83X,student,Jessica,Whitehead
83,jacob.johnson@example.com,4ROHqfb7$z,faculty,Jacob,Johnson
84,jessica.russell@example.com,Y%F*6BmA1x,external_worker,Jessica,Russell
85,edward.garcia@example.com,_2!IgXSd9r,faculty,Edward,Garcia
86,david.robinson@example.com,%ugyHSt9+7,faculty,David,Robinson
87,brittney.hicks@example.com,1R7Axgx52+,external_worker,Brittney,Hicks
88,sarah.hunter@example.com,^M88OKfSBt,faculty,Sarah,Hunter
89,ebony.ramirez@example.com,a6QpMdPs)5,staff,Ebony,Ramirez
90,john.taylor@example.com,%vA@4Kvx@U,external_worker,John,Taylor
91,amy.bullock@example.com,ZT@4O+pz#(,staff,Amy,Bullock
92,anna.williams@example.com,hh29VY9s+g,staff,Anna,Williams
93,melissa.lambert@example.com,W*3FShKzjA,student,Melissa,Lambert
94,stacey.contreras@example.com,m%1Q9Q_xDp,faculty,Stacey,Contreras
95,daniel.hines@example.com,$3VoQyKv@R,external_worker,Daniel,Hines
96,melissa.ward@example.com,KDFf6Fl^_c,external_worker,Melissa,Ward
97,jennifer.miller@example.com,(ZqOJSfg78,faculty,Jennifer,Miller
98,april.brown@example.com,oe^Pq3ZtzO,student,April,Brown
99,joseph.nash@example.com,J3xuE$u^@1,external_worker,Joseph,Nash
100,gary.silva@example.com,M*9(UpTg^J,staff,Gary,Silva
101,andrew.daniel@example.com,m&d2wyReiq,external_worker,Andrew,Daniel
102,emily.williams@example.com,@yUOz9it(8,external_worker,Emily,Williams
103,kimberly.burgess@example.com,ADM0QTgt$!,staff,Kimberly,Burgess
104,megan.stephens@example.com,1+w2&PPnIu,staff,Megan,Stephens
105,elizabeth.smith@example.com,7^9OOwp4(T,external_worker,Elizabeth,Smith
106,jimmy.abbott@example.com,zKN5Uzev(s,student,Jimmy,Abbott
107,david.freeman@example.com,T*56DYqo6i,staff,David,Freeman
108,john.miller@example.com,kRriKFQh+1,staff,John,Miller
109,david.oliver@example.com,e46j%SJp#I,faculty,David,Oliver
110,tamara.casey@example.com,!!(&ovCn8*,student,Tamara,Casey
111,alexander.castaneda@example.com,n*a17Qyi_@,faculty,Alexander,Castaneda
112,lisa.lindsey@example.com,#+2Wbi+NjT,student,Lisa,Lindsey
113,jesse.shepherd@example.com,(V3PI!SdQ$,student,Jesse,Shepherd
114,craig.norman@example.com,_8QDtSYyAo,student,Craig,Norman
115,timothy.pineda@example.com,qkbLtQe0!4,faculty,Timothy,Pineda
116,brandon.armstrong@example.com,)^IkQaiAe2,external_worker,Brandon,Armstrong
117,bill.roberts@example.com,8m#3UWyal_,student,Bill,Roberts
118,jeffrey.wright@example.com,9*l4fGe5f2,staff,Jeffrey,Wright
119,melanie.hamilton@example.com,*hOI6L0gR*,student,Melanie,Hamilton
120,travis.wright@example.com,4H6BesK_)_,external_worker,Travis,Wright
121,jason.lawrence@example.com,I!8sGQkzx8,external_worker,Jason,Lawrence
122,richard.key@example.com,4(V19RGp9d,staff,Richard,Key
123,alexandra.mullins@example.com,^+ihEIbK4N,staff,Alexandra,Mullins
124,jonathan.morgan@example.com,#5FPYhzp4Y,student,Jonathan,Morgan
125,michael.jones@example.com,)A5OSKtgR&,faculty,Michael,Jones
126,stacey.harris@example.com,_8NFOFcf4X,faculty,Stacey,Harris
127,tammy.marshall@example.com,p_5vHacr&I,student,Tammy,Marshall
128,audrey.armstrong@example.com,11W5sfhE)f,faculty,Audrey,Armstrong
129,tina.contreras@example.com,6Y65wsEf_5,faculty,Tina,Contreras
130,sara.howell@example.com,!H741MeJqi,external_worker,Sara,Howell
131,victoria.mendez@example.com,3_7I^dHj++,student,Victoria,Mendez
132,mary.barker@example.com,f!9jDqA1$q,external_worker,Mary,Barker
133,christina.cox@example.com,mx%9cTAp@e,student,Christina,Cox
134,shannon.barker@example.com,0Z1XSuqkM),external_worker,Shannon,Barker
135,aaron.hawkins@example.com,*SR$I7Kq!y,external_worker,Aaron,Hawkins
136,mathew.quinn@example.com,$&Yg1Z#maV,student,Mathew,Quinn
137,jeffrey.decker@example.com,(2W_v^JwlG,faculty,Jeffrey,Decker
138,nicholas.may@example.com,1F%iRnlm*r,staff,Nicholas,May
139,sarah.gill@example.com,X+Fh&9Zy$p,student,Sarah,Gill
140,regina.crane@example.com,11)4RYiUoZ,faculty,Regina,Crane
141,william.walker@example.com,&SkZNuxeV7,staff,William,Walker
142,jacob.mcbride@example.com,*mYjBWrO07,faculty,Jacob,Mcbride
143,christopher.johnson@example.com,!8kX*GfGo#,faculty,Christopher,Johnson
144,bradley.carlson@example.com,mu4BtctU!*,student,Bradley,Carlson
145,jennifer.boyer@example.com,g!0BUO0n*6,external_worker,Jennifer,Boyer
146,richard.bruce@example.com,7W1A8Md$(*,external_worker,Richard,Bruce
147,angela.murphy@example.com,&v4LyCQ)P4,student,Angela,Murphy
148,melissa.johnson@example.com,EdXSIno)*4,faculty,Melissa,Johnson
149,leslie.hunt@example.com,!NsoS1Dd)k,student,Leslie,Hunt
150,ronald.wilkins@example.com,6WtP1UMu%@,faculty,Ronald,Wilkins
151,beverly.carter@example.com,hP3Z^Yt5$E,external_worker,Beverly,Carter
152,joshua.brown@example.com,_0rs8GrokB,external_worker,Joshua,Brown
153,dana.mason@example.com,DuxFy_lH$3,faculty,Dana,Mason
154,travis.french@example.com,_bbC*hcN95,staff,Travis,French
155,marilyn.davis@example.com,H_K$8Cj4)U,staff,Marilyn,Davis
156,matthew.tucker@example.com,7Z4ciKWf(q,student,Matthew,Tucker
157,joe.white@example.com,6yAYKT3)+C,external_worker,Joe,White
158,rebecca.bray@example.com,_V_hgC5cf3,student,Rebecca,Bray
159,scott.cox@example.com,)0#M_Hm&2l,staff,Scott,Cox
160,rachel.humphrey@example.com,l2KgIFcv^P,staff,Rachel,Humphrey
161,lynn.anderson@example.com,1+YF9dEg!K,staff,Lynn,Anderson
162,heather.peck@example.com,%eeib1r(L1,student,Heather,Peck
163,jennifer.thomas@example.com,H9h7JLi8$Y,student,Jennifer,Thomas
164,patricia.phillips@example.com,DM522UEhF),staff,Patricia,Phillips
165,veronica.hatfield@example.com,63+Os@&E(C,staff,Veronica,Hatfield
166,gary.jackson@example.com,5sZTDRjx#2,staff,Gary,Jackson
167,justin.snyder@example.com,Yy76^VNzg&,staff,Justin,Snyder
168,emily.stewart@example.com,8&+*2Ej)rh,faculty,Emily,Stewart
169,karen.key@example.com,IF)5UXzT$!,staff,Karen,Key
170,paul.hudson@example.com,cd3IyMoiw$,external_worker,Paul,Hudson
171,loretta.hernandez@example.com,8TZJAObC$9,staff,Loretta,Hernandez
172,teresa.fields@example.com,)3blD0ueKt,student,Teresa,Fields
173,sarah.patterson@example.com,@5rcBvx5iv,external_worker,Sarah,Patterson
174,billy.hernandez@example.com,1tTji4Us#B,staff,Billy,Hernandez
175,cassandra.stewart@example.com,NR0Iaqxb_1,student,Cassandra,Stewart
176,vanessa.rogers@example.com,%(wk9dEp**,student,Vanessa,Rogers
177,caroline.lopez@example.com,Ux7AP9YcK%,external_worker,Caroline,Lopez
178,ronald.gomez@example.com,&y3iBVDxPK,external_worker,Ronald,Gomez
179,carlos.mitchell@example.com,vALt!Zzp(6,staff,Carlos,Mitchell
180,kevin.brown@example.com,Eq(c9Emv2O,faculty,Kevin,Brown
181,john.king@example.com,M+4M^0u2py,faculty,John,King
182,cheryl.cooper@example.com,^f18^WYt19,faculty,Cheryl,Cooper
183,dawn.montgomery@example.com,d%0OuhTyU9,student,Dawn,Montgomery
184,gina.simmons@example.com,$N4Lp2ElWw,student,Gina,Simmons
185,jennifer.patterson@example.com,1_6Wm&HQ!i,faculty,Jennifer,Patterson
186,teresa.wang@example.com,Y6n7dI(p_0,staff,Teresa,Wang
187,michael.rogers@example.com,)kygp6La!N,staff,Michael,Rogers
188,lauren.ramirez@example.com,k+Q4DVcc&7,student,Lauren,Ramirez
189,joseph.bailey@example.com,_f3JBrHGZ9,faculty,Joseph,Bailey
190,margaret.peters@example.com,!jq90A@gvp,external_worker,Margaret,Peters
191,john.fisher@example.com,+!z7XnqW8m,staff,John,Fisher
192,robert.mora@example.com,2lIPZ81y_W,faculty,Robert,Mora
193,sierra.anderson@example.com,n+*7U9Fz_g,faculty,Sierra,Anderson
194,shelly.kelly@example.com,JN@W9+ry#8,faculty,Shelly,Kelly
195,andrew.anderson@example.com,LDvAwLnG&4,staff,Andrew,Anderson
196,dennis.lambert@example.com,@K*7Sugz$#,faculty,Dennis,Lambert
197,kevin.miller@example.com,6HC36Z!w(!,student,Kevin,Miller
198,james.walker@example.com,_FDVbXZ4k1,staff,James,Walker
199,john.martin@example.com,_bl)NGgZ2B,staff,John,Martin
200,sherry.kaiser@example.com,EJ2&fRvc^1,external_worker,Sherry,Kaiser
